first_name,last_name,company_name,address,city,email
James,Butt,"Benton, John B Jr",6649 N Blue Gum St,New Orleans,jbutt@gmail.com
Josephine,Darakjy,"Chanay, Jeffrey A Esq",4 B Blue Ridge Blvd,Brighton,josephine_darakjy@darakjy.org
Art,Venere,"Chemel, James L Cpa",8 W Cerritos Ave #54,Bridgeport,art@venere.org
Lenna,Paprocki,Feltz Printing Service,639 Main St,Anchorage,lpaprocki@hotmail.com
Donette,Foller,Printing Dimensions,34 Center St,Hamilton,donette.foller@cox.net
Simona,Morasca,"Chapman, Ross E Esq",3 Mcauley Dr,Ashland,simona@morasca.com
Mitsue,Tollner,Morlong Associates,7 Eads St,Chicago,mitsue_tollner@yahoo.com
Leota,Dilliard,Commercial Press,7 W Jackson Blvd,San Jose,leota@hotmail.com
Sage,Wieser,Truhlar And Truhlar Attys,5 Boston Ave #88,Sioux Falls,sage_wieser@cox.net
Kris,Marrier,"King, Christopher A Esq",228 Runamuck Pl #2808,Baltimore,kris@gmail.com
Minna,Amigon,"Dorl, James J Esq",2371 Jerrold Ave,Kulpsville,minna_amigon@yahoo.com
Abel,Maclead,Rangoni Of Florence,37275 St Rt 17m M,Middle Island,amaclead@gmail.com
Kiley,Caldarera,Feiner Bros,25 E 75th St #69,Los Angeles,kiley.caldarera@aol.com
Graciela,Ruta,Buckley Miller & Wright,98 Connecticut Ave Nw,Chagrin Falls,gruta@cox.net
Cammy,Albares,"Rousseaux, Michael Esq",56 E Morehead St,Laredo,calbares@gmail.com
Mattie,Poquette,Century Communications,73 State Road 434 E,Phoenix,mattie@aol.com
Meaghan,Garufi,"Bolton, Wilbur Esq",69734 E Carrillo St,Mc Minnville,meaghan@hotmail.com
Gladys,Rim,T M Byxbee Company Pc,322 New Horizon Blvd,Milwaukee,gladys.rim@rim.org
Yuki,Whobrey,Farmers Insurance Group,1 State Route 27,Taylor,yuki_whobrey@aol.com
Fletcher,Flosi,Post Box Services Plus,394 Manchester Blvd,Rockford,fletcher.flosi@yahoo.com
Bette,Nicka,Sport En Art,6 S 33rd St,Aston,bette_nicka@cox.net
Veronika,Inouye,C 4 Network Inc,6 Greenleaf Ave,San Jose,vinouye@aol.com
Willard,Kolmetz,"Ingalls, Donald R Esq",618 W Yakima Ave,Irving,willard@hotmail.com
Maryann,Royster,"Franklin, Peter L Esq",74 S Westgate St,Albany,mroyster@royster.com
Alisha,Slusarski,Wtlz Power 107 Fm,3273 State St,Middlesex,alisha@slusarski.com
Allene,Iturbide,"Ledecky, David Esq",1 Central Ave,Stevens Point,allene_iturbide@cox.net
Chanel,Caudy,Professional Image Inc,86 Nw 66th St #8673,Shawnee,chanel.caudy@caudy.org
Ezekiel,Chui,"Sider, Donald C Esq",2 Cedar Ave #84,Easton,ezekiel@chui.com
Willow,Kusko,U Pull It,90991 Thorburn Ave,New York,wkusko@yahoo.com
Bernardo,Figeroa,"Clark, Richard Cpa",386 9th Ave N,Conroe,bfigeroa@aol.com
Ammie,Corrio,"Moskowitz, Barry S",74874 Atlantic Ave,Columbus,ammie@corrio.com
Francine,Vocelka,Cascade Realty Advisors Inc,366 South Dr,Las Cruces,francine_vocelka@vocelka.com
Ernie,Stenseth,Knwz Newsradio,45 E Liberty St,Ridgefield Park,ernie_stenseth@aol.com
Albina,Glick,"Giampetro, Anthony D",4 Ralph Ct,Dunellen,albina@glick.com
Alishia,Sergi,Milford Enterprises Inc,2742 Distribution Way,New York,asergi@gmail.com
Solange,Shinko,"Mosocco, Ronald A",426 Wolf St,Metairie,solange@shinko.com
Jose,Stockham,Tri State Refueler Co,128 Bransten Rd,New York,jose@yahoo.com
Rozella,Ostrosky,Parkway Company,17 Morena Blvd,Camarillo,rozella.ostrosky@ostrosky.com
Valentine,Gillian,Fbs Business Finance,775 W 17th St,San Antonio,valentine_gillian@gmail.com
Kati,Rulapaugh,Eder Assocs Consltng Engrs Pc,6980 Dorsett Rd,Abilene,kati.rulapaugh@hotmail.com
Youlanda,Schemmer,Tri M Tool Inc,2881 Lewis Rd,Prineville,youlanda@aol.com
Arlette,Honeywell,Smc Inc,11279 Loytan St,Jacksonville,ahoneywell@honeywell.com
Dyan,Oldroyd,International Eyelets Inc,7219 Woodfield Rd,Overland Park,doldroyd@aol.com
Roxane,Campain,Rapid Trading Intl,1048 Main St,Fairbanks,roxane@hotmail.com
Lavera,Perin,Abc Enterprises Inc,678 3rd Ave,Miami,lperin@perin.org
Erick,Ferencz,Cindy Turner Associates,20 S Babcock St,Fairbanks,erick.ferencz@aol.com
Fatima,Saylors,"Stanton, James D Esq",2 Lighthouse Ave,Hopkins,fsaylors@saylors.org
Jina,Briddick,Grace Pastries Inc,38938 Park Blvd,Boston,jina_briddick@briddick.com
Kanisha,Waycott,"Schroer, Gene E Esq",5 Tomahawk Dr,Los Angeles,kanisha_waycott@yahoo.com
Emerson,Bowley,Knights Inn,762 S Main St,Madison,emerson.bowley@bowley.org
